Main Industry,Sub-Industry,Business Goals,Challenges,Target Audience,Revenue Streams,Profit Range
Healthcare,Pharmaceuticals,"1. Expand market share in generic medications ,2. Develop partnerships with hospitals for direct supply
3. Invest in R&D for new medications",1. Regulatory compliance,"Hospitals, clinics, pharmacies","Direct sales, partnerships",$50M - $100M
Healthcare,Medical Devices,"1. Innovate in wearable health tech, 2. Enhance AI capabilities in diagnostics
3. Partner with clinics for trials",1. Data security issues,"Health-conscious consumers, clinics","Product sales, subscriptions",$20M - $50M
Healthcare,Telemedicine,"1. Improve patient engagement through mobile apps, 2. Increase accessibility in rural areas
3. Expand telepsychiatry services",1. Privacy concerns,Patients in remote areas,"Subscription fees, partnerships",$10M - $30M
Technology,Software,"1. Increase user base by 25% through subscriptions, 2. Expand API integrations with third parties
3. Focus on UI/UX improvement",1. High competition,Small to large businesses,"Subscription fees, add-ons",$100M - $300M
Technology,Cybersecurity,"1. Develop AI-driven threat detection, 2. Focus on end-to-end encryption
3. Expand into mobile device security",1. Complex algorithm requirements,"Enterprises, government agencies","Licensing, consulting services",$50M - $150M
Technology,E-commerce,"1. Optimize supply chain for faster delivery, 2. Expand into new geographical markets
3. Personalize user experiences with AI",1. Inventory management issues,Online shoppers,"Sales commissions, advertisements",$200M - $500M
Education,Online Learning,"1. Launch mobile app for skill-based learning, 2. Develop gamified learning content
3. Expand live tutoring services",1. Platform reliability,"Students, professionals","Subscription fees, ads",$5M - $15M
Education,K-12,"1. Improve digital resources for remote teaching, 2. Expand learning tools for underprivileged schools
3. Offer teacher training programs",1. Funding issues,"Schools, students","Licensing, government grants",$3M - $8M
Education,Higher Education,"1. Enhance VR lab experiences, 2. Offer industry certification programs
3. Partner with corporations for internships",1. High setup cost,"Universities, research centers","Licensing, subscription fees",$10M - $25M
Retail,Fashion,"1. Reduce returns with virtual try-ons, 2. Expand sustainable clothing line
3. Introduce AI-driven fashion recommendations",1. High tech development costs,"Young adults, online shoppers","Product sales, ad partnerships",$20M - $70M
Retail,Food & Beverage,"1. Launch eco-friendly packaging, 2. Expand into organic product lines
3. Increase local sourcing for freshness",1. Material costs,Environment-conscious consumers,Product sales,$30M - $60M
Retail,Home Goods,"1. Improve product personalization options, 2. Develop a recycling program for old goods
3. Partner with designers for exclusive collections",1. High customization costs,"Homeowners, gift shoppers","Product sales, customization fees",$25M - $55M
Finance,Banking,"1. Expand digital services in rural areas, 2. Develop microloan products
3. Launch financial literacy programs",1. Infrastructure issues,Rural communities,"Service fees, lending services",$10M - $40M
Finance,Insurance,"1. Create personalized insurance packages, 2. Develop AI-based risk assessment
3. Launch education campaigns on coverage",1. Regulatory compliance,Middle-income families,"Premiums, consulting",$15M - $50M
Finance,Investment,"1. Automate portfolio management with AI, 2. Offer customized financial advisory
3. Launch ESG investment options",1. Data privacy concerns,Individual investors,"Management fees, subscription",$30M - $80M
Real Estate,Residential,"1. Increase affordable housing projects, 2. Integrate sustainable building materials
3. Partner with government on subsidies",1. High land and construction costs,Lower-income families,"Rent, government grants",$50M - $150M
Real Estate,Commercial,"1. Launch energy-efficient office spaces, 2. Offer flexible leasing terms
3. Develop coworking spaces",1. High upfront costs,"Corporations, co-working spaces","Lease, management fees",$30M - $100M
Real Estate,Property Management,"1. Enhance tenant experience with smart tech, 2. Improve energy efficiency in buildings
3. Expand maintenance services",1. Integration costs,"Property owners, tenants","Management fees, subscriptions",$20M - $60M
Manufacturing,Automotive,"1. Transition to EV production by 2030, 2. Focus on autonomous vehicle R&D
3. Develop strategic partnerships with battery suppliers",1. High R&D costs,Eco-conscious consumers,"Vehicle sales, government rebates",$100M - $500M
Manufacturing,Consumer Electronics,"1. Develop sustainable production processes, 2. Increase recycling efforts
3. Expand smart home device lineup",1. Supply chain complexities,Eco-conscious consumers,Product sales,$50M - $120M
Manufacturing,Food Processing,"1. Optimize supply chain for reduced waste, 2. Expand organic product line
3. Automate quality control",1. Logistic costs,"Food companies, retailers","Product sales, consulting",$40M - $90M
Tourism,Hospitality,"1. Promote eco-friendly tourism initiatives,2. Expand virtual concierge services
3. Offer wellness retreats",1. High operational cost,Eco-conscious travelers,"Room bookings, eco-tour packages",$20M - $60M
Tourism,Travel Agencies,"1. Expand offerings in virtual tours, 2. Develop custom itinerary planning services
3. Promote eco-tourism options",1. Tech integration challenges,"Travelers, students","Tour sales, advertisements",$5M - $15M
Tourism,Attractions,"1. Improve customer experience with VR, 2. Introduce educational exhibits
3. Expand interactive experiences",1. High setup costs,"Families, tourists","Ticket sales, VR experience fees",$8M - $20M
Agriculture,Crop Production,"1. Increase yield with advanced irrigation systems, 2. Introduce crop rotation for soil health
3. Expand organic farming methods",1. Weather dependency,"Farmers, agricultural companies","Direct sales, government subsidies",$5M - $20M
Agriculture,Livestock Farming,"1. Improve animal health with smart monitoring, 2. Increase meat production efficiency
3. Expand organic livestock products",1. Disease outbreaks,"Meat producers, retailers","Sales, value-added products",$10M - $50M
Agriculture,AgTech,"1. Innovate with precision farming technology,2. Develop AI tools for crop monitoring
3. Improve farm-to-market logistics",1. High tech investment,"Farms, agricultural tech investors","Product sales, licensing, subscriptions",$20M - $100M
Gaming,Video Games,"1. Launch VR-based games, 2. Increase engagement through multiplayer features
3. Create mobile game versions",1. High development costs,"Gamers, mobile users, eSports fans","Game sales, in-app purchases, ads",$10M - $200M
Gaming,eSports,"1. Expand live streaming platforms, 2. Increase tournament participation
3. Develop exclusive game-related content",1. Sponsorship challenges,"Gamers, eSports fans, advertisers","Sponsorships, ticket sales, ad revenue",$50M - $300M
Gaming,Game Development,"1. Develop cross-platform games, 2. Focus on game narrative innovation
3. Increase cross-brand partnerships",1. Development delays,"Gamers, game publishers","Game sales, licensing, in-app purchases",$20M - $100M
Hospitality,Hotels,"1. Increase occupancy with seasonal offers,2. Expand sustainable practices
3. Implement AI-driven guest services",1. High operational costs,"Tourists, business travelers","Room bookings, event hosting, restaurants",$10M - $100M
Hospitality,Restaurants,"1. Improve customer loyalty with rewards programs, 2. Launch healthy menu options
3. Expand delivery services",1. Supply chain issues,"Locals, foodies, health-conscious eaters","Food sales, delivery services",$5M - $50M
Hospitality,Travel & Tours,"1. Offer personalized travel experiences, 2. Develop eco-friendly tour packages
3. Expand adventure travel offerings",1. Seasonality,"Travelers, adventure seekers, eco-tourists","Tour bookings, travel packages",$20M - $150M
Banking,Retail Banking,"1. Expand digital banking services, 2. Launch mobile banking apps
3. Develop personalized financial products",1. Cybersecurity risks,Individual account holders,"Service fees, loan interest, insurance",$50M - $200M
Banking,Investment Banking,"1. Increase M&A advisory services, 2. Expand international presence
3. Offer private equity solutions",1. Market volatility,"Corporations, high-net-worth individuals","Advisory fees, commission on deals",$100M - $500M
Banking,Digital Banking,"1. Expand digital wallet services, 2. Develop AI-based investment tools
3. Launch financial literacy platforms",1. Technology adaptation,"Tech-savvy individuals, startups","Transaction fees, investment products",$30M - $150M
Biotechnology,Pharmaceuticals,"1. Develop gene therapies, 2. Focus on personalized medicine
3. Innovate in rare disease treatments",1. High R&D costs,"Hospitals, biotech companies","Drug sales, licensing, partnerships",$50M - $300M
Biotechnology,Research & Development,"1. Increase funding for clinical trials, 2. Develop partnerships with research institutes
3. Create diagnostic tests for early disease detection",1. Funding instability,"Research institutions, hospitals","Grant funding, partnership revenue",$10M - $100M
Biotechnology,Agricultural Biotechnology,"1. Develop pest-resistant crops, 2. Innovate in sustainable fertilizers
3. Increase crop yield through gene editing",1. Regulatory approval,"Farmers, agricultural companies","Product sales, licensing",$30M - $150M
Food Technology,Plant-based Foods,"1. Expand product line to include dairy alternatives, 2. Partner with large retailers
3. Increase sustainability in production",1. Sourcing ingredients,"Vegans, health-conscious eaters","Product sales, partnerships",$10M - $50M
Food Technology,Food Packaging,"1. Develop biodegradable packaging,2. Expand into e-commerce packaging
3. Reduce food waste with smart packaging",1. Cost of materials,"Food manufacturers, retailers","Product sales, licensing",$20M - $80M
Food Technology,Food Safety,"1. Increase adoption of smart food safety systems, 2. Develop blockchain for food traceability
3. Offer training services for food safety",1. Regulatory compliance,"Food producers, retailers, consumers","Licensing, consulting, service fees",$15M - $100M
Environmental Services,Waste Management,"1. Implement zero-waste solutions, 2. Expand recycling programs
3. Reduce landfill dependency",1. Infrastructure costs,"Local governments, corporations","Service contracts, recycling fees",$20M - $70M
Environmental Services,Water Treatment,"1. Increase water recycling initiatives, 2. Develop low-energy treatment technologies
3. Expand into emerging markets",1. High investment costs,"Municipalities, industrial companies","Service contracts, government funding",$30M - $100M
Environmental Services,Renewable Energy,"1. Expand solar and wind energy projects, 2. Increase investment in green technologies
3. Develop energy storage solutions",1. Capital investment,"Corporations, governments, homeowners","Power sales, government incentives",$50M - $500M
Non-Profit Organizations,Education,"1. Launch scholarship programs,2. Expand literacy initiatives
3. Build new learning centers",1. Fundraising,"Low-income communities, students","Donations, grants",$1M - $10M
Non-Profit Organizations,Health,"1. Provide medical care in underserved areas,2. Promote mental health awareness
3. Create disease prevention programs",1. Funding limitations,"Low-income populations, communities","Donations, government funding",$5M - $30M
Non-Profit Organizations,Environmental,"1. Launch climate change awareness campaigns, 2. Promote sustainable practices
3. Plant trees in deforested areas",1. Funding,"Environmental advocates, youth groups","Donations, corporate partnerships",$2M - $25M
Blockchain,Cryptocurrency Exchange,"1. Expand crypto-to-fiat conversion options, 2. Enhance user security and privacy features
3. Increase liquidity and transaction speed",1. Regulatory uncertainty,"Individual investors, traders, tech-savvy users","Trading fees, premium account subscriptions, data monetization",$50M - $300M
Blockchain,Supply Chain Management,"1. Implement blockchain traceability for supply chains, 2. Improve data integration with IoT
3. Expand partnerships with logistics firms",1. Limited blockchain adoption by legacy systems,"Manufacturers, retailers, and logistics companies","Subscription fees, licensing of blockchain solutions, consulting services",$10M - $80M
Blockchain,Smart Contracts,"1. Develop easy-to-use smart contract platforms, 2. Improve legal clarity of smart contract enforcement
3. Enable multi-industry adoption",1. Legal and regulatory barriers,"Legal firms, real estate agencies, developers","Transaction fees, consulting, and platform subscriptions",$20M - $100M
Blockchain,Digital Identity,"1. Offer decentralized identity management,2. Integrate blockchain IDs with government services
3. Improve privacy features",1. Regulatory approval,"Governments, financial institutions, and citizens","Licensing fees, government contracts, platform access fees",$15M - $75M
AI,Natural Language Processing,"1. Enhance conversational AI for customer service, 2. Develop multilingual NLP models
3. Expand NLP into document processing",1. Data privacy regulations,"Corporations, government agencies, service-based industries","Service fees, licensing, customized solutions",$20M - $150M
AI,Predictive Analytics,"1. Develop advanced customer behavior models, 2. Expand into predictive maintenance for industries
3. Offer tailored recommendations for clients",1. Data availability and quality,"E-commerce companies, manufacturing, healthcare","Subscription fees, consulting, model customization",$15M - $100M
AI,Computer Vision,"1. Implement AI in image recognition for security, 2. Expand AI-driven quality control in manufacturing
3. Offer solutions for automated medical imaging",1. Data privacy for facial recognition,"Healthcare, security agencies, manufacturing firms","Licensing, custom solutions, SaaS revenue",$20M - $120M
AI,Autonomous Systems,"1. Develop autonomous vehicles for logistics, 2. Expand into autonomous drones for delivery
3. Partner with smart city projects",1. Regulatory restrictions,"Logistics companies, government, tech enthusiasts","Leasing, subscription, data monetization",$50M - $200M
Cafeteria Business,Urban Cafeteria,"1. Introduce AI-based order personalization, 2. Use blockchain for ingredient sourcing transparency
3. Offer seasonal menus and local specialties",1. High customer expectations,"Urban professionals, students, tourists","Food sales, catering services, merchandise",$500K - $2M
Cafeteria Business,Corporate Cafeteria,"1. Implement AI-driven demand forecasting to reduce food waste, 2. Develop blockchain-based supplier audits for transparency
3. Offer wellness-focused menu options",1. High equipment and setup costs,"Corporate employees, event attendees","Meal plans, corporate catering, vending",$1M - $5M
Cafeteria Business,University Cafeteria,"1. Implement blockchain for sustainable sourcing, 2. Provide AI-based meal customization
3. Partner with local farmers for organic options",1. Budget constraints,"Students, faculty, campus visitors","Meal plans, single sales, snack options",$800K - $3M
Cafeteria Business,Health-focused Cafâ€š,"1. Expand AI-driven nutrition tracking in orders, 2. Develop partnerships for local, organic supplies
3. Offer dietary-specific meal options (e.g., vegan, gluten-free)",1. Competition in health-food sector,"Health-conscious individuals, fitness enthusiasts","Meal sales, nutrition consultations, product sales",$1M - $4M
Cosmetics,Skincare,"1. Develop AI-powered virtual skin analysis for product recommendations 2. Launch eco-friendly and sustainable product lines
3. Expand into anti-aging solutions with natural ingredients",1. Sourcing sustainable ingredients,"Health-conscious consumers, eco-conscious buyers, skincare enthusiasts","Product sales, online subscriptions for personalized skincare, collaborations with influencers",$10M - $60M
Cosmetics,Makeup,"1. Implement AI-driven virtual try-on technology, 2. Introduce inclusive shade ranges
3. Launch limited edition collections with high-profile collaborations",1. High R&D costs for new shades and formulas,"Young adults, beauty enthusiasts, makeup artists","Product sales, in-store and online events, influencer marketing",$15M - $80M
Cosmetics,Haircare,"1. Expand into natural and chemical-free haircare products, 2. Use AI to recommend products based on hair type
3. Increase salon partnerships for exclusive brand sales",1. Ingredient sourcing and quality consistency,"Salons, beauty-conscious consumers, eco-friendly buyers","Product sales, partnerships with salons, online subscriptions",$8M - $40M
Cosmetics,Fragrance,"1. Use AI to personalize fragrance recommendations, 2. Launch refillable packaging options
3. Develop sustainable sourcing for natural ingredients","1. High costs for natural, sustainable sourcing","Young professionals, eco-conscious consumers, fragrance enthusiasts","Product sales, refill programs, fragrance subscription boxes",$20M - $100M
Electronics,Consumer Electronics,"1. Develop IoT-compatible smart home devices, 2. Increase focus on energy-efficient appliances
3. Expand device compatibility with smart assistants (e.g., Alexa, Google Assistant)",1. Privacy and data security concerns,"Homeowners, tech-savvy individuals, urban residents","Product sales, subscription services for apps, in-app purchases",$30M - $200M
Electronics,Wearables,"1. Launch AI-powered health monitoring features, 2. Expand battery life and durability for active users
3. Develop fashion-focused collaborations for wearables",1. Privacy concerns around health data,"Health-conscious users, fitness enthusiasts, young professionals","Device sales, premium app subscriptions, data partnerships",$20M - $150M
Electronics,Smart Home,"1. Integrate AI for adaptive learning in smart home devices, 2. Expand affordable smart lighting and thermostat options
3. Develop all-in-one control systems for home automation",1. Data privacy and security,"Homeowners, tech enthusiasts, urban residents","Product sales, subscription fees for additional services, tech support packages",$40M - $180M
Electronics,Audio and Entertainment,"1. Develop high-quality, noise-canceling audio devices, 2. Expand into gaming audio accessories
3. Partner with streaming services for exclusive content integration",1. High R&D costs for quality improvement,"Music enthusiasts, gamers, audiophiles","Product sales, exclusive content partnerships, accessories sales",$15M - $90M
Electronics,Electric Vehicles Components,"1. Innovate battery technology for extended range, 2. Develop smart charging stations with app integrations
3. Expand partnerships with EV manufacturers",1. High development costs for new tech,"EV manufacturers, environmental advocates, urban governments","Product sales, service contracts, partnership deals",$50M - $300M